series,fiscal_year,value,note,source
total_membership,FY2020-21,226,"as of 31 Mar 2021","DPA Annual Report 2020-21, Membership Information"
total_membership,FY2021-22,234,"as of 31 Mar 2022","DPA Annual Report 2021-22, Membership Report"
total_membership,FY2022-23,242,"as of 31 Mar 2023; 220 individual + 22 institutional","DPA Annual Report 2022-23, Membership Information"
dats_participants,FY2020-21,424,"12 talks, online (COVID-19 restrictions)","DPA Annual Report 2020-21, Inclusion Ambassadors and Membership"
dats_participants,FY2021-22,692,"13 talks, incl. first in-person session","DPA Annual Report 2021-22, IA Programme and Membership Engagement"
dats_participants,FY2022-23,669,"9 new IAs onboarded Sep 2022","DPA Annual Report 2022-23, IA Programme & Membership Engagement"
flashmob_performers,FY2020-21,40,"virtual event","DPA Annual Report 2020-21, Inclusive Flashmob 2020"
flashmob_performers,FY2021-22,59,"virtual event","DPA Annual Report 2021-22, Inclusive Flashmob 2021"
flashmob_performers,FY2022-23,83,"live at City Square Mall, 9 Aug 2022","DPA Annual Report 2022-23, Inclusive Flashmob 2022"
